targetid,mag_auto,mag_mu,type_x
39627823475856431,18.466005,4.263546999999999,PSF
39627841603634325,19.172323,4.442861999999998,PSF
