targetid,mag_auto,mag_mu,type_x
39627829528232148,19.611416,3.798377999999998,PSF
39627853679038640,21.620216,3.8542859999999983,PSF
