targetid,mag_auto,mag_mu,type,VI_type,comment
39627823475856431,18.466005,4.263547,PSF,STAR,
39627841603634325,19.172323,4.442862,PSF,QSO,
