targetid,MAG_AUTO,MAG_MU,type,VI_type,comment
39627829528232148,19.611416,3.798378,PSF,STAR,
39627853679038640,21.620216,3.8542862,PSF,STAR,
